Data,Título,Tipo,Regime,Link Oferta,Google Flights,Skyscanner
2026-08-19,Many London theatre shows UNDER £30 🔥,Voo,,https://www.holidaypirates.com/others/london-theatre-tickets,https://www.google.com/flights?hl=pt,https://www.skyscanner.pt
2026-08-19,Rent an entire pub in Wales for you and your mates -- sleeps 19! 🏴󠁧󠁢󠁷󠁬󠁳󠁿🍻,Voo,,https://www.holidaypirates.com/hotels/rent-an-entire-pub-in-wales,https://www.google.com/flights?hl=pt,https://www.skyscanner.pt
2026-08-19,Majorca getaway with private jacuzzi and half board 🛁,Voo + Hotel,,https://www.holidaypirates.com/packages/hotel-principe-majorca,https://www.google.com/flights?hl=pt,https://www.skyscanner.pt
2026-08-19,5⭐️ all-inclusive Turkey holiday UNDER £350 😎🌴🐚,Voo,,https://www.holidaypirates.com/packages/ramada-resort-by-wyndham-akbuk-bodrum-turkey,https://www.google.com/flights?hl=pt,https://www.skyscanner.pt
2026-08-19,4⭐ all-inclusive Tunisia family week with flights for a STEAL 🌴,Voo + Hotel,,https://www.holidaypirates.com/packages/riadh-palms-resort-spa-family,https://www.google.com/flights?hl=pt,https://www.skyscanner.pt
2026-08-19,Luxury Maldives: 8 nights all-inclusive with beachfront villa 🌊🌅,Voo,,https://www.holidaypirates.com/packages/luxury-maldives-all-inclusive-week-with-beachfront-villa,https://www.google.com/flights?hl=pt,https://www.skyscanner.pt
2026-08-19,🎄 Best UK Christmas Markets 2026: opening dates & cheap hotels to stay,Voo + Hotel,,https://www.holidaypirates.com/hotels/christmas-markets-2026-opening-dates,https://www.google.com/flights?hl=pt,https://www.skyscanner.pt
2026-08-19,Rhodes 5⭐ all-inclusive beach week under £400 ✈️ ☀️ ,Voo + Hotel,,https://www.holidaypirates.com/packages/rhodes-all-senses-nautica-blue,https://www.google.com/flights?hl=pt,https://www.skyscanner.pt
2026-08-19,This 5⭐️ Copenhagen hotel looks like it could be in Bali 😍,Voo + Hotel,,https://www.holidaypirates.com/hotels/this-5-copenhagen-hotel-looks-like-it-could-be-in-bali,https://www.google.com/flights?hl=pt,https://www.skyscanner.pt
2026-08-19,SENSATIONAL 5⭐️ Lanzarote beachfront escape ✈️ ☀️,Voo + Hotel,,https://www.holidaypirates.com/packages/arrecife-gran-hotel-spa-lanzarote,https://www.google.com/flights?hl=pt,https://www.skyscanner.pt
2026-08-19,"EPIC Japan deal: 1-week self-guided trip around Tokyo, Kyoto, Mount Fuji & Osaka 🇯🇵💞",Voo + Hotel,,https://www.holidaypirates.com/packages/epic-japan-getaway-1-week-self-guided-tour-of-tokyo-kyoto-and-osaka,https://www.google.com/flights?hl=pt,https://www.skyscanner.pt
2026-08-19,"9-night half-board tour of Sri Lanka 📍with elephant safari, turtle hatching, jungles & beaches 🐘😍🏝️🐢",Voo,,https://www.holidaypirates.com/packages/9-night-tour-of-sri-lanka-heritage-tea-trail-jungles-and-beaches,https://www.google.com/flights?hl=pt,https://www.skyscanner.pt
2026-08-19,5⭐️ London hotel with spa & rooftop pool ❤️🍹💦,Voo + Hotel,,https://www.holidaypirates.com/hotels/virgin-hotels-london-shoreditch-london,https://www.google.com/flights?hl=pt,https://www.skyscanner.pt
2026-08-19,4⭐️ Gran Canaria week in trendy hotel with direct TUI flights 🌴😎,Voo,,https://www.holidaypirates.com/packages/sholeo-lodges-maspalomas-playa-del-ingles-gran-canaria,https://www.google.com/flights?hl=pt,https://www.skyscanner.pt
2026-08-19,9-night all-inclusive 4⭐️ Egypt holiday 🌴🐠,Voo,,https://www.holidaypirates.com/packages/moreno-horizon-spa-and-resort-hurghada-egypt,https://www.google.com/flights?hl=pt,https://www.skyscanner.pt
2026-08-19,Last-minute Corfu all-inclusive week 🇬🇷🍹 ☀️,Voo,,https://www.holidaypirates.com/packages/adamas-corfu,https://www.google.com/flights?hl=pt,https://www.skyscanner.pt
2026-08-19,Central London Travelodge stay at a bargain price 😲,Voo,,https://www.holidaypirates.com/hotels/central-london-travelodge-stay,https://www.google.com/flights?hl=pt,https://www.skyscanner.pt
2026-08-19,3-night Finland family break with Santa Claus Express to Lapland 🚂🎅 ,Voo + Hotel,,https://www.holidaypirates.com/others/3-night-finland-break-with-santa-claus-express-to-lapland-family,https://www.google.com/flights?hl=pt,https://www.skyscanner.pt
2026-08-19,4⭐️ Zante week with breakfast and flights 🌴😍,Voo + Hotel,,https://www.holidaypirates.com/packages/atlantis-hotel-zante-laganas-zante-greek-islands,https://www.google.com/flights?hl=pt,https://www.skyscanner.pt
2026-08-19,Lush Greece break at 5⭐️ boutique hotel with ✈️ 😍 🇬🇷 ,Voo,,https://www.holidaypirates.com/packages/camvillia-resort-and-spa-peloponnese-greece,https://www.google.com/flights?hl=pt,https://www.skyscanner.pt
2026-08-19,LEGO themed lodge family stay 🧩👷,Voo,,https://www.holidaypirates.com/hotels/lego-themed-lodge-family-stay,https://www.google.com/flights?hl=pt,https://www.skyscanner.pt
2026-08-19,Family 2-week all inclusive Mexico holiday with direct flights UNDER £800pp 🌴🌮 ,Voo + Hotel,,https://www.holidaypirates.com/packages/hotel-dos-playas-faranda-cancun-mexico,https://www.google.com/flights?hl=pt,https://www.skyscanner.pt
2026-08-19,11-night 5⭐️ ALL-INCLUSIVE Mexico holiday in Junior Suite UNDER £1k 😍🌴🐚 ,Voo + Hotel,,https://www.holidaypirates.com/packages/bahia-principe-explore-coba-all-inclusive-mexico-tui,https://www.google.com/flights?hl=pt,https://www.skyscanner.pt
2026-08-19,Thailand 14-night 4⭐ adventure with rooftop pool,Voo + Hotel,,https://www.holidaypirates.com/packages/garner-hotel-pattaya-central-by-ihg,https://www.google.com/flights?hl=pt,https://www.skyscanner.pt
2026-08-19,7-night Majorca holiday with flights for a fab price 🏝️😎,Voo + Hotel,,https://www.holidaypirates.com/packages/hotel-bellevue-club-majorca,https://www.google.com/flights?hl=pt,https://www.skyscanner.pt
2026-08-19,Sneak off to Sardinia: Mini-break under £165 🌊🇮🇹 ,Voo + Hotel,,https://www.holidaypirates.com/packages/hotel-cardedu-sardinia-italy,https://www.google.com/flights?hl=pt,https://www.skyscanner.pt
2026-08-19,4⭐ all-inclusive Tunisia week with flights ☀️🌴,Voo + Hotel,,https://www.holidaypirates.com/packages/4-all-inclusive-tunisia-week-with-flights,https://www.google.com/flights?hl=pt,https://www.skyscanner.pt
2026-08-19,4🌟 Malta family holiday at a premium spa resort with flights & brekkie 🇲🇹 🌅 ,Voo + Hotel,,https://www.holidaypirates.com/packages/ramla-bay-resort-malta,https://www.google.com/flights?hl=pt,https://www.skyscanner.pt
2026-08-19,Spooky Butlin's October breaks with huge savings 🎃🦇👻,Voo,,https://www.holidaypirates.com/hotels/spooky-butlins-october-breaks-with-huge-savings,https://www.google.com/flights?hl=pt,https://www.skyscanner.pt
2026-08-19,Saturday night stay in NEW London hotel 🏩🌟🎡,Voo + Hotel,,https://www.holidaypirates.com/hotels/hub-by-premier-inn-london-farringdon-old-bailey-london,https://www.google.com/flights?hl=pt,https://www.skyscanner.pt
2026-08-19,Germany: Ravenna Gorge Christmas markets stay 🎅,Voo + Hotel,,https://www.holidaypirates.com/hotels/hotel-kreuz-hohengasthof,https://www.google.com/flights?hl=pt,https://www.skyscanner.pt
2026-08-19,"Book-loving travellers, grab Audible for under £1 😍🎧📖",Voo,,https://www.holidaypirates.com/others/audible-limited-time-deal,https://www.google.com/flights?hl=pt,https://www.skyscanner.pt
2026-08-19,All-inclusive Tunisia holiday in swim-up or Jacuzzi room 🌴☀️,Voo,,https://www.holidaypirates.com/packages/one-resort-premium-hammamet-tunisia,https://www.google.com/flights?hl=pt,https://www.skyscanner.pt
2026-08-19,"7-night no-fly cruise to Norway, Denmark and Belgium 🛳️🤩💦 £180 off 🔥",Voo,,https://www.holidaypirates.com/cruises/7-night-no-fly-cruise-to-norway-denmark-and-belgium-from-southampton-msc-meraviglia-cruise-first,https://www.google.com/flights?hl=pt,https://www.skyscanner.pt
2026-08-19,Turkey: 5⭐ all-inclusive luxury week,Voo,,https://www.holidaypirates.com/packages/maril-beach-and-spa,https://www.google.com/flights?hl=pt,https://www.skyscanner.pt
2026-08-19,A week in the Algarve for UNDER £150 🤯🌴✈️,Voo + Hotel,,https://www.holidaypirates.com/packages/studio-17-by-atlantic-hotels-portimao-algarve-portugal,https://www.google.com/flights?hl=pt,https://www.skyscanner.pt
2026-08-19,All-Inclusive 4⭐️ Crete escape at beach resort 🥂🐚,Voo,,https://www.holidaypirates.com/packages/stella-village-analipsi-crete-greece,https://www.google.com/flights?hl=pt,https://www.skyscanner.pt
2026-08-19,Airbnb holidays: Great deals and unusual accommodation,Voo,,https://www.holidaypirates.com/holidays/airbnb,https://www.google.com/flights?hl=pt,https://www.skyscanner.pt
2026-08-19,Lake District holidays: Plan your next adventure with our specialist guide,Voo + Hotel,,https://www.holidaypirates.com/destinations/uk/lake-district,https://www.google.com/flights?hl=pt,https://www.skyscanner.pt
2026-08-19,Edinburgh city breaks: Book your next Edinburgh holiday,Voo,,https://www.holidaypirates.com/destinations/uk/edinburgh,https://www.google.com/flights?hl=pt,https://www.skyscanner.pt
2026-08-19,London city breaks: Plan the perfect trip to London,Voo,,https://www.holidaypirates.com/destinations/uk/london,https://www.google.com/flights?hl=pt,https://www.skyscanner.pt
2026-08-19,Cornwall holidays: Plan your UK coastal staycation,Voo,,https://www.holidaypirates.com/destinations/uk/cornwall,https://www.google.com/flights?hl=pt,https://www.skyscanner.pt
2026-08-19,Manchester holidays: Explore travel deals for your UK getaway,Voo,,https://www.holidaypirates.com/destinations/uk/manchester,https://www.google.com/flights?hl=pt,https://www.skyscanner.pt
2026-08-19,Holidays in the UK 2026: Plan your next staycation!,Voo,,https://www.holidaypirates.com/destinations/uk,https://www.google.com/flights?hl=pt,https://www.skyscanner.pt
2026-08-19,Disneyland Paris holidays: Discover the Magic Kingdom,Voo,,https://www.holidaypirates.com/holidays/activities/amusement-parks/disneyland-paris,https://www.google.com/flights?hl=pt,https://www.skyscanner.pt
2026-08-19,Family weekend breaks: Short getaways for all ages,Voo,,https://www.holidaypirates.com/holidays/family-holidays/weekend-breaks,https://www.google.com/flights?hl=pt,https://www.skyscanner.pt
2026-08-19,Croatia family holidays: Discover relaxation and adventure,Voo,,https://www.holidaypirates.com/holidays/family-holidays/croatia,https://www.google.com/flights?hl=pt,https://www.skyscanner.pt
2026-08-19,Cyprus family holidays: Fun-filled adventures for all ages,Voo,,https://www.holidaypirates.com/holidays/family-holidays/cyprus,https://www.google.com/flights?hl=pt,https://www.skyscanner.pt
2026-08-19,Book your unforgettable family holiday in Thailand,Voo + Hotel,,https://www.holidaypirates.com/holidays/family-holidays/thailand,https://www.google.com/flights?hl=pt,https://www.skyscanner.pt
2026-08-19,"Family holidays in Italy: Culture, adventure & pizza galore",Voo,,https://www.holidaypirates.com/holidays/family-holidays/italy,https://www.google.com/flights?hl=pt,https://www.skyscanner.pt
2026-08-19,Majorca family holidays: Adventure-packed holidays for kids,Voo,,https://www.holidaypirates.com/holidays/family-holidays/majorca,https://www.google.com/flights?hl=pt,https://www.skyscanner.pt
2026-08-19,Family holidays: Cheap family deals in the UK and abroad,Voo,,https://www.holidaypirates.com/holidays/family-holidays,https://www.google.com/flights?hl=pt,https://www.skyscanner.pt
2026-08-19,City break packing list: What to bring on your next city trip,Voo,,https://www.holidaypirates.com/holidays/city-breaks/packing-list,https://www.google.com/flights?hl=pt,https://www.skyscanner.pt
2026-08-19,City breaks 2026: Book your next city trip holiday ,Voo,,https://www.holidaypirates.com/holidays/city-breaks,https://www.google.com/flights?hl=pt,https://www.skyscanner.pt
2026-08-19,The best European Christmas markets: A travel guide,Voo,,https://www.holidaypirates.com/holidays/christmas/christmas-markets/europe,https://www.google.com/flights?hl=pt,https://www.skyscanner.pt
2026-08-19,Our top 26 Christmas markets,Voo,,https://www.holidaypirates.com/holidays/christmas/christmas-markets,https://www.google.com/flights?hl=pt,https://www.skyscanner.pt
2026-08-19,Christmas 2026: Cheap deals for your Christmas holidays,Voo,,https://www.holidaypirates.com/holidays/christmas,https://www.google.com/flights?hl=pt,https://www.skyscanner.pt
2026-08-19,Cheap holidays 2026: Book a getaway for under £100,Voo,,https://www.holidaypirates.com/holidays/breaks-under-100-pounds,https://www.google.com/flights?hl=pt,https://www.skyscanner.pt
